obama,14:24:01
obama,14:24:01
obama,14:24:01
obama,14:24:01
obama,14:24:01
obama,14:24:01
obama,14:24:01
obama,14:24:01
obama,14:24:01
obama,14:24:01
obama,14:24:01
obama,14:24:01
obama,14:24:01
obama,14:24:01
obama,14:24:01
obama,14:24:01
obama,14:24:01
obama,14:24:01
obama,14:24:01
obama,14:24:01
obama,14:24:01
obama,14:24:01
obama,14:24:01
obama,14:24:01
obama,14:24:01
obama,14:24:01
obama,14:24:01
obama,14:24:01
obama,14:24:01
obama,14:24:01
obama,14:24:01
obama,14:24:02
obama,14:24:02
obama,14:24:02
obama,14:24:02
obama,14:24:02
obama,14:24:02
obama,14:24:02
obama,14:24:02
obama,14:24:02
obama,14:24:02
obama,14:24:02
obama,14:24:02
obama,14:24:02
obama,14:24:02
obama,14:24:02
obama,14:24:02
obama,14:24:02
obama,14:24:02
obama,14:24:02
obama,14:24:02
obama,14:24:02
obama,14:24:02
obama,14:24:02
obama,14:24:02
obama,14:24:02
obama,14:24:02
obama,14:24:02
obama,14:24:02
obama,14:24:02
obama,14:24:02
obama,14:24:02
obama,14:24:02
obama,14:24:02
obama,14:24:02
obama,14:24:02
obama,14:24:02
obama,14:24:02
obama,14:24:02
obama,14:24:02
obama,14:24:02
obama,14:24:02
obama,14:24:02
obama,14:24:02
obama,14:24:02
obama,14:24:02
obama,14:24:02
obama,14:24:02
obama,14:24:02
obama,14:24:02
obama,14:24:02
obama,14:24:02
obama,14:24:02
obama,14:24:02
obama,14:24:02
obama,14:24:02
obama,14:24:02
obama,14:24:02
obama,14:24:02
obama,14:24:03
obama,14:24:03
obama,14:24:03
obama,14:24:03
obama,14:24:03
obama,14:24:03
obama,14:24:03
obama,14:24:03
obama,14:24:03
obama,14:24:03
obama,14:24:03
obama,14:24:03
obama,14:24:03
obama,14:24:03
obama,14:24:03
obama,14:24:03
obama,14:24:03
obama,14:24:03
obama,14:24:03
obama,14:24:03
obama,14:24:03
obama,14:24:03
obama,14:24:03
obama,14:24:03
obama,14:24:03
obama,14:24:03
obama,14:24:03
obama,14:24:03
obama,14:24:03
obama,14:24:03
obama,14:24:03
obama,14:24:03
obama,14:24:03
obama,14:24:03
obama,14:24:03
obama,14:24:03
obama,14:24:03
obama,14:24:03
obama,14:24:03
obama,14:24:03
obama,14:24:03
obama,14:24:03
obama,14:24:03
obama,14:24:03
obama,14:24:03
obama,14:24:03
obama,14:24:03
obama,14:24:03
obama,14:24:03
obama,14:24:03
obama,14:24:03
obama,14:24:03
obama,14:24:03
obama,14:24:03
obama,14:24:04
obama,14:24:04
obama,14:24:04
obama,14:24:04
obama,14:24:04
obama,14:24:04
obama,14:24:04
obama,14:24:04
obama,14:24:04
obama,14:24:04
obama,14:24:04
obama,14:24:04
obama,14:24:04
obama,14:24:04
obama,14:24:04
obama,14:24:04
obama,14:24:04
obama,14:24:04
obama,14:24:04
obama,14:24:04
obama,14:24:04
obama,14:24:04
obama,14:24:04
obama,14:24:04
obama,14:24:04
obama,14:24:04
obama,14:24:04
obama,14:24:04
obama,14:24:04
obama,14:24:04
obama,14:24:04
obama,14:24:04
obama,14:24:04
obama,14:24:04
obama,14:24:04
obama,14:24:04
obama,14:24:04
obama,14:24:04
obama,14:24:04
obama,14:24:04
obama,14:24:04
obama,14:24:04
obama,14:24:04
obama,14:24:04
obama,14:24:04
obama,14:24:04
obama,14:24:04
obama,14:24:04
obama,14:24:04
obama,14:24:04
obama,14:24:04
obama,14:24:04
obama,14:24:04
obama,14:24:04
obama,14:24:04
obama,14:24:04
obama,14:24:05
obama,14:24:05
obama,14:24:05
obama,14:24:05
obama,14:24:05
obama,14:24:05
obama,14:24:05
obama,14:24:05
obama,14:24:05
obama,14:24:05
obama,14:24:05
obama,14:24:05
obama,14:24:05
obama,14:24:05
obama,14:24:05
obama,14:24:05
obama,14:24:05
obama,14:24:05
obama,14:24:05
obama,14:24:05
obama,14:24:05
obama,14:24:05
obama,14:24:05
obama,14:24:05
obama,14:24:05
obama,14:24:05
obama,14:24:05
obama,14:24:05
obama,14:24:05
obama,14:24:05
obama,14:24:05
obama,14:24:05
obama,14:24:05
obama,14:24:05
obama,14:24:05
obama,14:24:05
obama,14:24:05
obama,14:24:05
obama,14:24:05
obama,14:24:05
obama,14:24:05
obama,14:24:05
obama,14:24:05
obama,14:24:05
obama,14:24:05
obama,14:24:05
obama,14:24:05
obama,14:24:05
obama,14:24:05
obama,14:24:05
obama,14:24:05
obama,14:24:05
obama,14:24:06
obama,14:24:06
obama,14:24:06
obama,14:24:06
obama,14:24:06
obama,14:24:06
obama,14:24:06
obama,14:24:06
obama,14:24:06
obama,14:24:06
obama,14:24:06
obama,14:24:06
obama,14:24:06
obama,14:24:06
obama,14:24:06
obama,14:24:06
obama,14:24:06
obama,14:24:06
obama,14:24:06
obama,14:24:06
obama,14:24:06
obama,14:24:06
obama,14:24:06
obama,14:24:06
obama,14:24:06
obama,14:24:06
obama,14:24:06
obama,14:24:06
obama,14:24:06
obama,14:24:06
obama,14:24:06
obama,14:24:06
obama,14:24:06
obama,14:24:06
obama,14:24:06
obama,14:24:06
obama,14:24:06
obama,14:24:06
obama,14:24:06
obama,14:24:06
obama,14:24:06
obama,14:24:06
obama,14:24:06
obama,14:24:06
obama,14:24:06
obama,14:24:06
obama,14:24:06
obama,14:24:06
obama,14:24:06
obama,14:24:06
obama,14:24:06
obama,14:24:06
obama,14:24:06
obama,14:24:06
obama,14:24:07
obama,14:24:07
obama,14:24:07
obama,14:24:07
obama,14:24:07
obama,14:24:07
obama,14:24:07
obama,14:24:07
obama,14:24:07
obama,14:24:07
obama,14:24:07
obama,14:24:07
obama,14:24:07
obama,14:24:07
obama,14:24:07
obama,14:24:07
obama,14:24:07
obama,14:24:07
obama,14:24:07
obama,14:24:07
obama,14:24:07
obama,14:24:07
obama,14:24:07
obama,14:24:07
obama,14:24:07
obama,14:24:07
obama,14:24:07
obama,14:24:07
obama,14:24:07
obama,14:24:07
obama,14:24:07
obama,14:24:07
obama,14:24:07
obama,14:24:07
obama,14:24:07
obama,14:24:07
obama,14:24:07
obama,14:24:07
obama,14:24:07
obama,14:24:07
obama,14:24:07
obama,14:24:07
obama,14:24:07
obama,14:24:07
obama,14:24:07
obama,14:24:07
obama,14:24:07
obama,14:24:07
obama,14:24:07
obama,14:24:07
obama,14:24:07
obama,14:24:07
obama,14:24:08
obama,14:24:08
obama,14:24:08
obama,14:24:08
obama,14:24:08
obama,14:24:08
obama,14:24:08
obama,14:24:08
obama,14:24:08
obama,14:24:08
obama,14:24:08
obama,14:24:08
obama,14:24:08
obama,14:24:08
obama,14:24:08
obama,14:24:08
obama,14:24:08
obama,14:24:08
obama,14:24:08
obama,14:24:08
obama,14:24:08
obama,14:24:08
obama,14:24:08
obama,14:24:08
obama,14:24:08
obama,14:24:08
obama,14:24:08
obama,14:24:08
obama,14:24:08
obama,14:24:08
obama,14:24:08
obama,14:24:08
obama,14:24:08
obama,14:24:08
obama,14:24:08
obama,14:24:08
obama,14:24:08
obama,14:24:08
obama,14:24:08
obama,14:24:08
obama,14:24:08
obama,14:24:08
obama,14:24:08
obama,14:24:08
obama,14:24:08
obama,14:24:08
obama,14:24:08
obama,14:24:08
obama,14:24:08
obama,14:24:08
obama,14:24:08
obama,14:24:08
obama,14:24:08
obama,14:24:08
obama,14:24:08
obama,14:24:08
obama,14:24:09
obama,14:24:09
obama,14:24:09
obama,14:24:09
obama,14:24:09
obama,14:24:09
obama,14:24:09
obama,14:24:09
obama,14:24:09
obama,14:24:09
obama,14:24:09
obama,14:24:09
obama,14:24:09
obama,14:24:09
obama,14:24:09
obama,14:24:09
obama,14:24:09
obama,14:24:09
obama,14:24:09
obama,14:24:09
obama,14:24:09
obama,14:24:09
obama,14:24:09
obama,14:24:09
obama,14:24:09
obama,14:24:09
obama,14:24:09
obama,14:24:09
obama,14:24:09
obama,14:24:09
obama,14:24:09
obama,14:24:09
obama,14:24:09
obama,14:24:09
obama,14:24:09
obama,14:24:09
obama,14:24:09
obama,14:24:09
obama,14:24:09
obama,14:24:09
obama,14:24:09
obama,14:24:09
obama,14:24:09
obama,14:24:09
obama,14:24:09
obama,14:24:09
obama,14:24:09
obama,14:24:09
obama,14:24:09
obama,14:24:09
obama,14:24:09
obama,14:24:09
obama,14:24:09
obama,14:24:09
obama,14:24:10
obama,14:24:10
obama,14:24:10
obama,14:24:10
obama,14:24:10
obama,14:24:10
obama,14:24:10
obama,14:24:10
obama,14:24:10
obama,14:24:10
obama,14:24:10
obama,14:24:10
obama,14:24:10
obama,14:24:10
obama,14:24:10
obama,14:24:10
obama,14:24:10
obama,14:24:10
obama,14:24:10
obama,14:24:10
obama,14:24:10
obama,14:24:10
obama,14:24:10
obama,14:24:10
obama,14:24:10
obama,14:24:10
obama,14:24:10
obama,14:24:10
obama,14:24:10
obama,14:24:10
obama,14:24:10
obama,14:24:10
obama,14:24:10
obama,14:24:10
obama,14:24:10
obama,14:24:10
obama,14:24:10
obama,14:24:10
obama,14:24:10
obama,14:24:10
obama,14:24:10
obama,14:24:10
obama,14:24:10
obama,14:24:10
obama,14:24:10
obama,14:24:10
obama,14:24:10
obama,14:24:10
obama,14:24:10
obama,14:24:10
obama,14:24:10
obama,14:24:10
obama,14:24:10
obama,14:24:10
obama,14:24:10
obama,14:24:10
obama,14:24:11
obama,14:24:11
obama,14:24:11
obama,14:24:11
obama,14:24:11
obama,14:24:11
obama,14:24:11
obama,14:24:11
obama,14:24:11
obama,14:24:11
obama,14:24:11
obama,14:24:11
obama,14:24:11
obama,14:24:11
obama,14:24:11
obama,14:24:11
obama,14:24:11
obama,14:24:11
obama,14:24:11
obama,14:24:11
obama,14:24:11
obama,14:24:11
obama,14:24:11
obama,14:24:11
obama,14:24:11
obama,14:24:11
obama,14:24:11
obama,14:24:11
obama,14:24:11
obama,14:24:11
obama,14:24:11
obama,14:24:11
obama,14:24:11
obama,14:24:11
obama,14:24:11
obama,14:24:11
obama,14:24:11
obama,14:24:11
obama,14:24:11
obama,14:24:11
obama,14:24:11
obama,14:24:11
obama,14:24:11
obama,14:24:11
obama,14:24:11
obama,14:24:11
obama,14:24:11
obama,14:24:11
obama,14:24:11
obama,14:24:11
obama,14:24:11
obama,14:24:11
obama,14:24:12
obama,14:24:12
obama,14:24:12
obama,14:24:12
obama,14:24:12
obama,14:24:12
obama,14:24:12
obama,14:24:12
obama,14:24:12
obama,14:24:12
obama,14:24:12
obama,14:24:12
obama,14:24:12
obama,14:24:12
obama,14:24:12
obama,14:24:12
obama,14:24:12
obama,14:24:12
obama,14:24:12
obama,14:24:12
obama,14:24:12
obama,14:24:12
obama,14:24:12
obama,14:24:12
obama,14:24:12
obama,14:24:12
obama,14:24:12
obama,14:24:12
obama,14:24:12
obama,14:24:12
obama,14:24:12
obama,14:24:12
obama,14:24:12
obama,14:24:12
obama,14:24:12
obama,14:24:12
obama,14:24:12
obama,14:24:12
obama,14:24:12
obama,14:24:12
obama,14:24:12
obama,14:24:12
obama,14:24:12
obama,14:24:12
obama,14:24:12
obama,14:24:12
obama,14:24:12
obama,14:24:12
obama,14:24:12
obama,14:24:12
obama,14:24:12
obama,14:24:12
obama,14:24:12
obama,14:24:12
obama,14:24:13
obama,14:24:13
obama,14:24:13
obama,14:24:13
obama,14:24:13
obama,14:24:13
obama,14:24:13
obama,14:24:13
obama,14:24:13
obama,14:24:13
obama,14:24:13
obama,14:24:13
obama,14:24:13
obama,14:24:13
obama,14:24:13
obama,14:24:13
obama,14:24:13
obama,14:24:13
obama,14:24:13
obama,14:24:13
obama,14:24:13
obama,14:24:13
obama,14:24:13
obama,14:24:13
obama,14:24:13
obama,14:24:13
obama,14:24:13
obama,14:24:13
obama,14:24:13
obama,14:24:13
obama,14:24:13
obama,14:24:13
obama,14:24:13
obama,14:24:13
obama,14:24:13
obama,14:24:13
obama,14:24:13
obama,14:24:13
obama,14:24:13
obama,14:24:13
obama,14:24:13
obama,14:24:13
obama,14:24:13
obama,14:24:13
obama,14:24:13
obama,14:24:13
obama,14:24:13
obama,14:24:13
obama,14:24:13
obama,14:24:13
obama,14:24:13
obama,14:24:13
obama,14:24:14
obama,14:24:14
obama,14:24:14
obama,14:24:14
obama,14:24:14
obama,14:24:14
obama,14:24:14
obama,14:24:14
obama,14:24:14
obama,14:24:14
obama,14:24:14
obama,14:24:14
obama,14:24:14
obama,14:24:14
obama,14:24:14
obama,14:24:14
obama,14:24:14
obama,14:24:14
obama,14:24:14
obama,14:24:14
obama,14:24:14
obama,14:24:14
obama,14:24:14
obama,14:24:14
obama,14:24:14
obama,14:24:14
obama,14:24:14
obama,14:24:14
obama,14:24:14
obama,14:24:14
obama,14:24:14
obama,14:24:14
obama,14:24:14
obama,14:24:14
obama,14:24:14
obama,14:24:14
obama,14:24:14
obama,14:24:14
obama,14:24:14
obama,14:24:14
obama,14:24:14
obama,14:24:14
obama,14:24:14
obama,14:24:14
obama,14:24:14
obama,14:24:14
obama,14:24:14
obama,14:24:14
obama,14:24:14
obama,14:24:14
obama,14:24:14
obama,14:24:14
obama,14:24:14
obama,14:24:14
obama,14:24:14
obama,14:24:14
obama,14:24:15
obama,14:24:15
obama,14:24:15
obama,14:24:15
obama,14:24:15
obama,14:24:15
obama,14:24:15
obama,14:24:15
obama,14:24:15
obama,14:24:15
obama,14:24:15
obama,14:24:15
obama,14:24:15
obama,14:24:15
obama,14:24:15
obama,14:24:15
obama,14:24:15
obama,14:24:15
obama,14:24:15
obama,14:24:15
obama,14:24:15
obama,14:24:15
obama,14:24:15
obama,14:24:15
obama,14:24:15
obama,14:24:15
obama,14:24:15
obama,14:24:15
obama,14:24:15
obama,14:24:15
obama,14:24:15
obama,14:24:15
obama,14:24:15
obama,14:24:15
obama,14:24:15
obama,14:24:15
obama,14:24:15
obama,14:24:15
obama,14:24:15
obama,14:24:15
obama,14:24:15
obama,14:24:15
obama,14:24:15
obama,14:24:15
obama,14:24:15
obama,14:24:15
obama,14:24:15
obama,14:24:15
obama,14:24:15
obama,14:24:15
obama,14:24:15
obama,14:24:15
obama,14:24:16
obama,14:24:16
obama,14:24:16
obama,14:24:16
obama,14:24:16
obama,14:24:16
obama,14:24:16
obama,14:24:16
obama,14:24:16
obama,14:24:16
obama,14:24:16
obama,14:24:16
obama,14:24:16
obama,14:24:16
obama,14:24:16
obama,14:24:16
obama,14:24:16
obama,14:24:16
obama,14:24:16
obama,14:24:16
obama,14:24:16
obama,14:24:16
obama,14:24:16
obama,14:24:16
obama,14:24:16
obama,14:24:16
obama,14:24:16
obama,14:24:16
obama,14:24:16
obama,14:24:16
obama,14:24:16
obama,14:24:16
obama,14:24:16
obama,14:24:16
obama,14:24:16
obama,14:24:16
obama,14:24:16
obama,14:24:16
obama,14:24:16
obama,14:24:16
obama,14:24:16
obama,14:24:16
obama,14:24:16
obama,14:24:16
obama,14:24:16
obama,14:24:16
obama,14:24:16
obama,14:24:16
obama,14:24:16
obama,14:24:16
obama,14:24:16
obama,14:24:16
obama,14:24:17
obama,14:24:17
obama,14:24:17
obama,14:24:17
obama,14:24:17
obama,14:24:17
obama,14:24:17
obama,14:24:17
obama,14:24:17
obama,14:24:17
obama,14:24:17
obama,14:24:17
obama,14:24:17
obama,14:24:17
obama,14:24:17
obama,14:24:17
obama,14:24:17
obama,14:24:17
obama,14:24:17
obama,14:24:17
obama,14:24:17
obama,14:24:17
obama,14:24:17
obama,14:24:17
obama,14:24:17
obama,14:24:17
obama,14:24:17
obama,14:24:17
obama,14:24:17
obama,14:24:17
obama,14:24:17
obama,14:24:17
obama,14:24:17
obama,14:24:17
obama,14:24:17
obama,14:24:17
obama,14:24:17
obama,14:24:17
obama,14:24:17
obama,14:24:17
obama,14:24:17
obama,14:24:17
obama,14:24:17
obama,14:24:17
obama,14:24:17
obama,14:24:17
obama,14:24:17
obama,14:24:17
obama,14:24:17
obama,14:24:17
obama,14:24:17
obama,14:24:17
obama,14:24:18
obama,14:24:18
obama,14:24:18
obama,14:24:18
obama,14:24:18
obama,14:24:18
obama,14:24:18
obama,14:24:18
obama,14:24:18
obama,14:24:18
obama,14:24:18
obama,14:24:18
obama,14:24:18
obama,14:24:18
obama,14:24:18
obama,14:24:18
obama,14:24:18
obama,14:24:18
obama,14:24:18
obama,14:24:18
obama,14:24:18
obama,14:24:18
obama,14:24:18
obama,14:24:18
obama,14:24:18
obama,14:24:18
obama,14:24:18
obama,14:24:18
obama,14:24:18
obama,14:24:18
obama,14:24:18
obama,14:24:18
obama,14:24:18
obama,14:24:18
obama,14:24:18
obama,14:24:18
obama,14:24:18
obama,14:24:18
obama,14:24:18
obama,14:24:18
obama,14:24:18
obama,14:24:18
obama,14:24:18
obama,14:24:18
obama,14:24:18
obama,14:24:18
obama,14:24:18
obama,14:24:18
obama,14:24:18
obama,14:24:18
obama,14:24:18
obama,14:24:18
obama,14:24:18
obama,14:24:18
obama,14:24:18
obama,14:24:18
obama,14:24:19
obama,14:24:19
obama,14:24:19
obama,14:24:19
obama,14:24:19
obama,14:24:19
obama,14:24:19
obama,14:24:19
obama,14:24:19
obama,14:24:19
obama,14:24:19
obama,14:24:19
obama,14:24:19
obama,14:24:19
obama,14:24:19
obama,14:24:19
obama,14:24:19
obama,14:24:19
obama,14:24:19
obama,14:24:19
obama,14:24:19
obama,14:24:19
obama,14:24:19
obama,14:24:19
obama,14:24:19
obama,14:24:19
obama,14:24:19
obama,14:24:19
obama,14:24:19
obama,14:24:19
obama,14:24:19
obama,14:24:19
obama,14:24:19
obama,14:24:19
obama,14:24:19
obama,14:24:19
obama,14:24:19
obama,14:24:19
obama,14:24:19
obama,14:24:19
obama,14:24:19
obama,14:24:19
obama,14:24:19
obama,14:24:19
obama,14:24:19
obama,14:24:19
obama,14:24:19
obama,14:24:19
obama,14:24:19
obama,14:24:19
obama,14:24:19
obama,14:24:19
obama,14:24:20
obama,14:24:20
obama,14:24:20
obama,14:24:20
obama,14:24:20
obama,14:24:20
obama,14:24:20
obama,14:24:20
obama,14:24:20
obama,14:24:20
obama,14:24:20
obama,14:24:20
obama,14:24:20
obama,14:24:20
obama,14:24:20
obama,14:24:20
obama,14:24:20
obama,14:24:20
obama,14:24:20
obama,14:24:20
obama,14:24:20
obama,14:24:20
obama,14:24:20
obama,14:24:20
obama,14:24:20
obama,14:24:20
obama,14:24:20
obama,14:24:20
obama,14:24:20
obama,14:24:20
obama,14:24:20
obama,14:24:20
obama,14:24:20
obama,14:24:20
obama,14:24:20
obama,14:24:20
obama,14:24:20
obama,14:24:20
obama,14:24:20
obama,14:24:20
obama,14:24:20
obama,14:24:20
obama,14:24:20
obama,14:24:20
obama,14:24:20
obama,14:24:20
obama,14:24:20
obama,14:24:20
obama,14:24:20
obama,14:24:20
obama,14:24:20
obama,14:24:20
obama,14:24:21
obama,14:24:21
obama,14:24:21
obama,14:24:21
obama,14:24:21
obama,14:24:21
obama,14:24:21
obama,14:24:21
obama,14:24:21
obama,14:24:21
obama,14:24:21
obama,14:24:21
obama,14:24:21
obama,14:24:21
obama,14:24:21
obama,14:24:21
obama,14:24:21
obama,14:24:21
obama,14:24:21
obama,14:24:21
obama,14:24:21
obama,14:24:21
obama,14:24:21
obama,14:24:21
obama,14:24:21
obama,14:24:21
obama,14:24:21
obama,14:24:21
obama,14:24:21
obama,14:24:21
obama,14:24:21
obama,14:24:21
obama,14:24:21
obama,14:24:21
obama,14:24:21
obama,14:24:21
obama,14:24:21
obama,14:24:21
obama,14:24:21
obama,14:24:21
obama,14:24:21
obama,14:24:21
obama,14:24:21
obama,14:24:21
obama,14:24:21
obama,14:24:21
obama,14:24:21
obama,14:24:21
obama,14:24:21
obama,14:24:21
obama,14:24:21
obama,14:24:21
obama,14:24:22
obama,14:24:22
obama,14:24:22
obama,14:24:22
obama,14:24:22
obama,14:24:22
obama,14:24:22
obama,14:24:22
obama,14:24:22
obama,14:24:22
obama,14:24:22
obama,14:24:22
obama,14:24:22
obama,14:24:22
obama,14:24:22
obama,14:24:22
obama,14:24:22
obama,14:24:22
obama,14:24:22
obama,14:24:22
obama,14:24:22
obama,14:24:22
obama,14:24:22
obama,14:24:22
obama,14:24:22
obama,14:24:22
obama,14:24:22
obama,14:24:22
obama,14:24:22
obama,14:24:22
obama,14:24:22
obama,14:24:22
obama,14:24:22
obama,14:24:22
obama,14:24:22
obama,14:24:22
obama,14:24:22
obama,14:24:22
obama,14:24:22
obama,14:24:22
obama,14:24:22
obama,14:24:22
obama,14:24:22
obama,14:24:22
obama,14:24:22
obama,14:24:22
obama,14:24:22
obama,14:24:22
obama,14:24:22
obama,14:24:22
obama,14:24:22
obama,14:24:22
obama,14:24:23
obama,14:24:23
obama,14:24:23
obama,14:24:23
obama,14:24:23
obama,14:24:23
obama,14:24:23
obama,14:24:23
obama,14:24:23
obama,14:24:23
obama,14:24:23
obama,14:24:23
obama,14:24:23
obama,14:24:23
obama,14:24:23
obama,14:24:23
obama,14:24:23
obama,14:24:23
obama,14:24:23
obama,14:24:23
obama,14:24:23
obama,14:24:23
obama,14:24:23
obama,14:24:23
obama,14:24:23
obama,14:24:23
obama,14:24:23
obama,14:24:23
obama,14:24:23
obama,14:24:23
obama,14:24:23
obama,14:24:23
obama,14:24:23
obama,14:24:23
obama,14:24:23
obama,14:24:23
obama,14:24:23
obama,14:24:23
obama,14:24:23
obama,14:24:23
obama,14:24:23
obama,14:24:23
obama,14:24:23
obama,14:24:23
obama,14:24:23
obama,14:24:23
obama,14:24:23
obama,14:24:23
obama,14:24:23
obama,14:24:23
obama,14:24:23
obama,14:24:23
obama,14:24:23
obama,14:24:23
obama,14:24:23
obama,14:24:23
obama,14:24:24
obama,14:24:24
obama,14:24:24
obama,14:24:24
obama,14:24:24
obama,14:24:24
obama,14:24:24
obama,14:24:24
obama,14:24:24
obama,14:24:24
obama,14:24:24
obama,14:24:24
obama,14:24:24
obama,14:24:24
obama,14:24:24
obama,14:24:24
obama,14:24:24
obama,14:24:24
obama,14:24:24
obama,14:24:24
obama,14:24:24
obama,14:24:24
obama,14:24:24
obama,14:24:24
obama,14:24:24
obama,14:24:24
obama,14:24:24
obama,14:24:24
obama,14:24:24
obama,14:24:24
obama,14:24:24
obama,14:24:24
obama,14:24:24
obama,14:24:24
obama,14:24:24
obama,14:24:24
obama,14:24:24
obama,14:24:24
obama,14:24:24
obama,14:24:24
obama,14:24:24
obama,14:24:24
obama,14:24:24
obama,14:24:24
obama,14:24:24
obama,14:24:24
obama,14:24:24
obama,14:24:24
obama,14:24:24
obama,14:24:24
obama,14:24:24
obama,14:24:24
obama,14:24:25
obama,14:24:25
obama,14:24:25
obama,14:24:25
obama,14:24:25
obama,14:24:25
obama,14:24:25
obama,14:24:25
obama,14:24:25
obama,14:24:25
obama,14:24:25
obama,14:24:25
obama,14:24:25
obama,14:24:25
obama,14:24:25
obama,14:24:25
obama,14:24:25
obama,14:24:25
obama,14:24:25
obama,14:24:25
obama,14:24:25
obama,14:24:25
obama,14:24:25
obama,14:24:25
obama,14:24:25
obama,14:24:25
obama,14:24:25
obama,14:24:25
obama,14:24:25
obama,14:24:25
obama,14:24:25
obama,14:24:25
obama,14:24:25
obama,14:24:25
obama,14:24:25
obama,14:24:25
obama,14:24:25
obama,14:24:25
obama,14:24:25
obama,14:24:25
obama,14:24:25
obama,14:24:25
obama,14:24:25
obama,14:24:25
obama,14:24:25
obama,14:24:25
obama,14:24:25
obama,14:24:25
obama,14:24:25
obama,14:24:25
obama,14:24:25
obama,14:24:25
obama,14:24:25
obama,14:24:25
obama,14:24:26
obama,14:24:26
obama,14:24:26
obama,14:24:26
obama,14:24:26
obama,14:24:26
obama,14:24:26
obama,14:24:26
obama,14:24:26
obama,14:24:26
obama,14:24:26
obama,14:24:26
obama,14:24:26
obama,14:24:26
obama,14:24:26
obama,14:24:26
obama,14:24:26
obama,14:24:26
obama,14:24:26
obama,14:24:26
obama,14:24:26
obama,14:24:26
obama,14:24:26
obama,14:24:26
obama,14:24:26
obama,14:24:26
obama,14:24:26
obama,14:24:26
obama,14:24:26
obama,14:24:26
obama,14:24:26
obama,14:24:26
obama,14:24:26
obama,14:24:26
obama,14:24:26
obama,14:24:26
obama,14:24:26
obama,14:24:26
obama,14:24:26
obama,14:24:26
obama,14:24:26
obama,14:24:26
obama,14:24:26
obama,14:24:26
obama,14:24:26
obama,14:24:26
obama,14:24:26
obama,14:24:26
obama,14:24:26
obama,14:24:26
obama,14:24:26
obama,14:24:26
obama,14:24:27
obama,14:24:27
obama,14:24:27
obama,14:24:27
obama,14:24:27
obama,14:24:27
obama,14:24:27
obama,14:24:27
obama,14:24:27
obama,14:24:27
obama,14:24:27
obama,14:24:27
obama,14:24:27
obama,14:24:27
obama,14:24:27
obama,14:24:27
obama,14:24:27
obama,14:24:27
obama,14:24:27
obama,14:24:27
obama,14:24:27
obama,14:24:27
obama,14:24:27
obama,14:24:27
obama,14:24:27
obama,14:24:27
obama,14:24:27
obama,14:24:27
obama,14:24:27
obama,14:24:27
obama,14:24:27
obama,14:24:27
obama,14:24:27
obama,14:24:27
obama,14:24:27
obama,14:24:27
obama,14:24:27
obama,14:24:27
obama,14:24:27
obama,14:24:27
obama,14:24:27
obama,14:24:27
obama,14:24:27
obama,14:24:27
obama,14:24:27
obama,14:24:27
obama,14:24:27
obama,14:24:27
obama,14:24:27
obama,14:24:27
obama,14:24:27
obama,14:24:27
obama,14:24:28
obama,14:24:28
obama,14:24:28
obama,14:24:28
obama,14:24:28
obama,14:24:28
obama,14:24:28
obama,14:24:28
obama,14:24:28
obama,14:24:28
obama,14:24:28
obama,14:24:28
obama,14:24:28
obama,14:24:28
obama,14:24:28
obama,14:24:28
obama,14:24:28
obama,14:24:28
obama,14:24:28
obama,14:24:28
obama,14:24:28
obama,14:24:28
obama,14:24:28
obama,14:24:28
obama,14:24:28
obama,14:24:28
obama,14:24:28
obama,14:24:28
obama,14:24:28
obama,14:24:28
obama,14:24:28
obama,14:24:28
obama,14:24:28
obama,14:24:28
obama,14:24:28
obama,14:24:28
obama,14:24:28
obama,14:24:28
obama,14:24:28
obama,14:24:28
obama,14:24:28
obama,14:24:28
obama,14:24:28
obama,14:24:28
obama,14:24:28
obama,14:24:28
obama,14:24:28
obama,14:24:28
obama,14:24:28
obama,14:24:28
obama,14:24:28
obama,14:24:28
obama,14:24:28
obama,14:24:28
obama,14:24:29
obama,14:24:29
obama,14:24:29
obama,14:24:29
obama,14:24:29
obama,14:24:29
obama,14:24:29
obama,14:24:29
obama,14:24:29
obama,14:24:29
obama,14:24:29
obama,14:24:29
obama,14:24:29
obama,14:24:29
obama,14:24:29
obama,14:24:29
obama,14:24:29
obama,14:24:29
obama,14:24:29
obama,14:24:29
obama,14:24:29
obama,14:24:29
obama,14:24:29
obama,14:24:29
obama,14:24:29
obama,14:24:29
obama,14:24:29
obama,14:24:29
obama,14:24:29
obama,14:24:29
obama,14:24:29
obama,14:24:29
obama,14:24:29
obama,14:24:29
obama,14:24:29
obama,14:24:29
obama,14:24:29
obama,14:24:29
obama,14:24:29
obama,14:24:29
obama,14:24:29
obama,14:24:29
obama,14:24:29
obama,14:24:29
obama,14:24:29
obama,14:24:29
obama,14:24:29
obama,14:24:29
obama,14:24:29
obama,14:24:29
obama,14:24:29
obama,14:24:29
obama,14:24:30
obama,14:24:30
obama,14:24:30
obama,14:24:30
obama,14:24:30
obama,14:24:30
obama,14:24:30
obama,14:24:30
obama,14:24:30
obama,14:24:30
obama,14:24:30
obama,14:24:30
obama,14:24:30
obama,14:24:30
obama,14:24:30
obama,14:24:30
obama,14:24:30
obama,14:24:30
obama,14:24:30
obama,14:24:30
obama,14:24:30
obama,14:24:30
obama,14:24:30
obama,14:24:30
obama,14:24:30
obama,14:24:30
obama,14:24:30
obama,14:24:30
obama,14:24:30
obama,14:24:30
obama,14:24:30
obama,14:24:30
obama,14:24:30
obama,14:24:30
obama,14:24:30
obama,14:24:30
obama,14:24:30
obama,14:24:30
obama,14:24:30
obama,14:24:30
obama,14:24:30
obama,14:24:30
obama,14:24:30
obama,14:24:30
obama,14:24:30
obama,14:24:30
obama,14:24:30
obama,14:24:30
obama,14:24:30
obama,14:24:30
obama,14:24:30
obama,14:24:30
obama,14:24:30
obama,14:24:30
obama,14:24:31
obama,14:24:31
obama,14:24:31
obama,14:24:31
obama,14:24:31
obama,14:24:31
obama,14:24:31
obama,14:24:31
obama,14:24:31
obama,14:24:31
obama,14:24:31
obama,14:24:31
obama,14:24:31
obama,14:24:31
obama,14:24:31
obama,14:24:31
obama,14:24:31
obama,14:24:31
obama,14:24:31
obama,14:24:31
obama,14:24:31
obama,14:24:31
obama,14:24:31
obama,14:24:31
obama,14:24:31
obama,14:24:31
obama,14:24:31
obama,14:24:31
obama,14:24:31
obama,14:24:31
obama,14:24:31
obama,14:24:31
obama,14:24:31
obama,14:24:31
obama,14:24:31
obama,14:24:31
obama,14:24:31
obama,14:24:31
obama,14:24:31
obama,14:24:31
obama,14:24:31
obama,14:24:31
obama,14:24:31
obama,14:24:31
obama,14:24:31
obama,14:24:31
obama,14:24:31
obama,14:24:31
obama,14:24:31
obama,14:24:31
obama,14:24:31
obama,14:24:31
obama,14:24:31
obama,14:24:31
obama,14:24:32
obama,14:24:32
obama,14:24:32
obama,14:24:32
obama,14:24:32
obama,14:24:32
obama,14:24:32
obama,14:24:32
obama,14:24:32
obama,14:24:32
obama,14:24:32
obama,14:24:32
obama,14:24:32
obama,14:24:32
obama,14:24:32
obama,14:24:32
obama,14:24:32
obama,14:24:32
obama,14:24:32
obama,14:24:32
obama,14:24:32
obama,14:24:32
obama,14:24:32
obama,14:24:32
obama,14:24:32
obama,14:24:32
obama,14:24:32
obama,14:24:32
obama,14:24:32
obama,14:24:32
obama,14:24:32
obama,14:24:32
obama,14:24:32
obama,14:24:32
obama,14:24:32
obama,14:24:32
obama,14:24:32
obama,14:24:32
obama,14:24:32
obama,14:24:32
obama,14:24:32
obama,14:24:32
obama,14:24:32
obama,14:24:32
obama,14:24:32
obama,14:24:32
obama,14:24:32
obama,14:24:32
obama,14:24:32
obama,14:24:32
obama,14:24:32
obama,14:24:32
obama,14:24:33
obama,14:24:33
obama,14:24:33
obama,14:24:33
obama,14:24:33
obama,14:24:33
obama,14:24:33
obama,14:24:33
obama,14:24:33
obama,14:24:33
obama,14:24:33
obama,14:24:33
obama,14:24:33
obama,14:24:33
obama,14:24:33
obama,14:24:33
obama,14:24:33
obama,14:24:33
obama,14:24:33
obama,14:24:33
obama,14:24:33
obama,14:24:33
obama,14:24:33
obama,14:24:33
obama,14:24:33
obama,14:24:33
obama,14:24:33
obama,14:24:33
obama,14:24:33
obama,14:24:33
obama,14:24:33
obama,14:24:33
obama,14:24:33
obama,14:24:33
obama,14:24:33
obama,14:24:33
obama,14:24:33
obama,14:24:33
obama,14:24:33
obama,14:24:33
obama,14:24:33
obama,14:24:33
obama,14:24:33
obama,14:24:33
obama,14:24:33
obama,14:24:33
obama,14:24:33
obama,14:24:33
obama,14:24:33
obama,14:24:33
obama,14:24:33
obama,14:24:33
obama,14:24:34
obama,14:24:34
obama,14:24:34
obama,14:24:34
obama,14:24:34
obama,14:24:34
obama,14:24:34
obama,14:24:34
obama,14:24:34
obama,14:24:34
obama,14:24:34
obama,14:24:34
obama,14:24:34
obama,14:24:34
obama,14:24:34
obama,14:24:34
obama,14:24:34
obama,14:24:34
obama,14:24:34
obama,14:24:34
obama,14:24:34
obama,14:24:34
obama,14:24:34
obama,14:24:34
obama,14:24:34
obama,14:24:34
obama,14:24:34
obama,14:24:34
obama,14:24:34
obama,14:24:34
obama,14:24:34
obama,14:24:34
obama,14:24:34
obama,14:24:34
obama,14:24:34
obama,14:24:34
obama,14:24:34
obama,14:24:34
obama,14:24:34
obama,14:24:34
obama,14:24:34
obama,14:24:34
obama,14:24:34
obama,14:24:34
obama,14:24:34
obama,14:24:34
obama,14:24:34
obama,14:24:34
obama,14:24:34
obama,14:24:34
obama,14:24:34
obama,14:24:34
obama,14:24:34
obama,14:24:34
obama,14:24:35
obama,14:24:35
obama,14:24:35
obama,14:24:35
obama,14:24:35
obama,14:24:35
obama,14:24:35
obama,14:24:35
obama,14:24:35
obama,14:24:35
obama,14:24:35
obama,14:24:35
obama,14:24:35
obama,14:24:35
obama,14:24:35
obama,14:24:35
obama,14:24:35
obama,14:24:35
obama,14:24:35
obama,14:24:35
obama,14:24:35
obama,14:24:35
obama,14:24:35
obama,14:24:35
obama,14:24:35
obama,14:24:35
obama,14:24:35
obama,14:24:35
obama,14:24:35
obama,14:24:35
obama,14:24:35
obama,14:24:35
obama,14:24:35
obama,14:24:35
obama,14:24:35
obama,14:24:35
obama,14:24:35
obama,14:24:35
obama,14:24:35
obama,14:24:35
obama,14:24:35
obama,14:24:35
obama,14:24:35
obama,14:24:35
obama,14:24:35
obama,14:24:35
obama,14:24:35
obama,14:24:35
obama,14:24:35
obama,14:24:35
obama,14:24:36
obama,14:24:36
obama,14:24:36
obama,14:24:36
obama,14:24:36
obama,14:24:36
obama,14:24:36
obama,14:24:36
obama,14:24:36
obama,14:24:36
obama,14:24:36
obama,14:24:36
obama,14:24:36
obama,14:24:36
obama,14:24:36
obama,14:24:36
obama,14:24:36
obama,14:24:36
obama,14:24:36
obama,14:24:36
obama,14:24:36
obama,14:24:36
obama,14:24:36
obama,14:24:36
obama,14:24:36
obama,14:24:36
obama,14:24:36
obama,14:24:36
obama,14:24:36
obama,14:24:36
obama,14:24:36
obama,14:24:36
obama,14:24:36
obama,14:24:36
obama,14:24:36
obama,14:24:36
obama,14:24:36
obama,14:24:36
obama,14:24:36
obama,14:24:36
obama,14:24:36
obama,14:24:36
obama,14:24:36
obama,14:24:36
obama,14:24:36
obama,14:24:36
obama,14:24:36
obama,14:24:36
obama,14:24:36
obama,14:24:36
obama,14:24:36
obama,14:24:36
obama,14:24:37
obama,14:24:37
obama,14:24:37
obama,14:24:37
obama,14:24:37
obama,14:24:37
obama,14:24:37
obama,14:24:37
obama,14:24:37
obama,14:24:37
obama,14:31:33
obama,14:31:33
obama,14:31:34
obama,14:31:34
obama,14:31:34
obama,14:31:34
obama,14:31:34
obama,14:31:34
obama,14:31:34
obama,14:31:34
obama,14:31:34
obama,14:31:34
obama,14:31:34
obama,14:31:34
obama,14:31:34
obama,14:31:34
obama,14:31:34
obama,14:31:34
obama,14:31:34
obama,14:31:34
obama,14:31:34
obama,14:31:34
obama,14:31:34
obama,14:31:34
obama,14:31:34
obama,14:31:34
obama,14:31:34
obama,14:31:34
obama,14:31:34
obama,14:31:34
obama,14:31:34
obama,14:31:34
obama,14:31:34
obama,14:31:34
obama,14:31:34
obama,14:31:34
obama,14:31:34
obama,14:31:34
obama,14:31:34
obama,14:31:34
obama,14:31:34
obama,14:31:34
obama,14:31:34
obama,14:31:34
obama,14:31:34
obama,14:31:34
obama,14:31:34
obama,14:31:34
obama,14:31:34
obama,14:31:34
obama,14:31:34
obama,14:31:34
obama,14:31:34
obama,14:31:34
obama,14:31:35
obama,14:31:35
obama,14:31:35
obama,14:31:35
obama,14:31:35
obama,14:31:35
obama,14:31:35
obama,14:31:35
obama,14:31:35
obama,14:31:35
obama,14:31:35
obama,14:31:35
obama,14:31:35
obama,14:31:35
obama,14:31:35
obama,14:31:35
obama,14:31:35
obama,14:31:35
obama,14:31:35
obama,14:31:35
obama,14:31:35
obama,14:31:35
obama,14:31:35
obama,14:31:35
obama,14:31:35
obama,14:31:35
obama,14:31:35
obama,14:31:35
obama,14:31:35
obama,14:31:35
obama,14:31:35
obama,14:31:35
obama,14:31:35
obama,14:31:35
obama,14:31:35
obama,14:31:35
obama,14:31:35
obama,14:31:35
obama,14:31:35
obama,14:31:35
obama,14:31:35
obama,14:31:35
obama,14:31:35
obama,14:31:35
obama,14:31:35
obama,14:31:35
obama,14:31:35
obama,14:31:35
obama,14:31:35
obama,14:31:35
obama,14:31:35
obama,14:31:35
obama,14:31:35
obama,14:31:35
obama,14:31:36
obama,14:31:36
obama,14:31:36
obama,14:31:36
obama,14:31:36
obama,14:31:36
obama,14:31:36
obama,14:31:36
obama,14:31:36
obama,14:31:36
obama,14:31:36
obama,14:31:36
obama,14:31:36
obama,14:31:36
obama,14:31:36
obama,14:31:36
obama,14:31:36
obama,14:31:36
obama,14:31:36
obama,14:31:36
obama,14:31:36
obama,14:31:36
obama,14:31:36
obama,14:31:36
obama,14:31:36
obama,14:31:36
obama,14:31:36
obama,14:31:36
obama,14:31:36
obama,14:31:36
obama,14:31:36
obama,14:31:36
obama,14:31:36
obama,14:31:36
obama,14:31:36
obama,14:31:36
obama,14:31:36
obama,14:31:36
obama,14:31:36
obama,14:31:36
obama,14:31:36
obama,14:31:36
obama,14:31:36
obama,14:31:36
obama,14:31:36
obama,14:31:36
obama,14:31:36
obama,14:31:36
obama,14:31:36
obama,14:31:36
obama,14:31:36
obama,14:31:36
obama,14:31:37
obama,14:31:37
obama,14:31:37
obama,14:31:37
obama,14:31:37
obama,14:31:37
obama,14:31:37
obama,14:31:37
obama,14:31:37
obama,14:31:37
obama,14:31:37
obama,14:31:37
obama,14:31:37
obama,14:31:37
obama,14:31:37
obama,14:31:37
obama,14:31:37
obama,14:31:37
obama,14:31:37
obama,14:31:37
obama,14:31:37
obama,14:31:37
obama,14:31:37
obama,14:31:37
obama,14:31:37
obama,14:31:37
obama,14:31:37
obama,14:31:37
obama,14:31:37
obama,14:31:37
obama,14:31:37
obama,14:31:37
obama,14:31:37
obama,14:31:37
obama,14:31:37
obama,14:31:37
obama,14:31:37
obama,14:31:37
obama,14:31:37
obama,14:31:37
obama,14:31:37
obama,14:31:37
obama,14:31:37
obama,14:31:37
obama,14:31:37
obama,14:31:37
obama,14:31:37
obama,14:31:37
obama,14:31:37
obama,14:31:37
obama,14:31:37
obama,14:31:37
obama,14:31:37
obama,14:31:37
obama,14:31:40
obama,14:31:40
obama,14:31:40
obama,14:31:40
obama,14:31:40
obama,14:31:40
obama,14:31:40
obama,14:31:40
obama,14:31:40
obama,14:31:40
obama,14:31:40
obama,14:31:40
obama,14:31:40
obama,14:31:40
obama,14:31:40
obama,14:31:40
obama,14:31:40
obama,14:31:40
obama,14:31:40
obama,14:31:40
obama,14:31:40
obama,14:31:40
obama,14:31:40
obama,14:31:40
obama,14:31:41
obama,14:31:41
obama,14:31:41
obama,14:31:41
obama,14:31:41
obama,14:31:41
obama,14:31:41
obama,14:31:41
obama,14:31:41
obama,14:31:41
obama,14:31:41
obama,14:31:41
obama,14:31:41
obama,14:31:41
obama,14:31:41
obama,14:31:41
obama,14:31:41
obama,14:31:41
obama,14:31:41
obama,14:31:41
obama,14:31:41
obama,14:31:41
obama,14:31:41
obama,14:31:41
obama,14:31:41
obama,14:31:41
obama,14:31:41
obama,14:31:41
obama,14:31:41
obama,14:31:41
obama,14:31:41
obama,14:31:41
obama,14:31:41
obama,14:31:41
obama,14:31:41
obama,14:31:41
obama,14:31:41
obama,14:31:41
obama,14:31:41
obama,14:31:41
obama,14:31:41
obama,14:31:41
obama,14:31:41
obama,14:31:41
obama,14:31:41
obama,14:31:41
obama,14:31:41
obama,14:31:41
obama,14:31:41
obama,14:31:41
obama,14:31:41
obama,14:31:41
obama,14:31:41
obama,14:31:41
obama,14:31:41
obama,14:31:41
obama,14:31:42
obama,14:31:42
obama,14:31:42
obama,14:31:42
obama,14:31:42
obama,14:31:42
obama,14:31:42
obama,14:31:42
obama,14:31:42
obama,14:31:42
obama,14:31:42
obama,14:31:42
obama,14:31:42
obama,14:31:42
obama,14:31:42
obama,14:31:42
obama,14:31:42
obama,14:31:42
obama,14:31:42
obama,14:31:42
obama,14:31:42
obama,14:31:42
obama,14:31:42
obama,14:31:42
obama,14:31:42
obama,14:31:42
obama,14:31:42
obama,14:31:42
obama,14:31:42
obama,14:31:42
obama,14:31:42
obama,14:31:42
obama,14:31:42
obama,14:31:42
obama,14:31:42
obama,14:31:42
obama,14:31:42
obama,14:31:42
obama,14:31:42
obama,14:31:42
obama,14:31:42
obama,14:31:42
obama,14:31:42
obama,14:31:42
obama,14:31:42
obama,14:31:42
obama,14:31:42
obama,14:31:42
obama,14:31:42
obama,14:31:42
obama,14:31:42
obama,14:31:42
obama,14:31:42
obama,14:31:42
obama,14:31:43
obama,14:31:43
obama,14:31:43
obama,14:31:43
obama,14:31:43
obama,14:31:43
obama,14:31:43
obama,14:31:43
obama,14:31:43
obama,14:31:43
obama,14:31:43
obama,14:31:43
obama,14:31:43
obama,14:31:43
obama,14:31:43
obama,14:31:43
obama,14:31:43
obama,14:31:43
obama,14:31:43
obama,14:31:43
obama,14:31:43
obama,14:31:43
obama,14:31:43
obama,14:31:43
obama,14:31:43
obama,14:31:43
obama,14:31:43
obama,14:31:43
obama,14:31:43
obama,14:31:43
obama,14:31:43
obama,14:31:43
obama,14:31:43
obama,14:31:43
obama,14:31:43
obama,14:31:43
obama,14:31:43
obama,14:31:43
obama,14:31:43
obama,14:31:43
obama,14:31:43
obama,14:31:43
obama,14:31:43
obama,14:31:43
obama,14:31:43
obama,14:31:43
obama,14:31:43
obama,14:31:43
obama,14:31:43
obama,14:31:43
obama,14:31:43
obama,14:31:43
obama,14:31:44
obama,14:31:44
obama,14:31:44
obama,14:31:44
obama,14:31:44
obama,14:31:44
obama,14:31:44
obama,14:31:44
obama,14:31:44
obama,14:31:44
obama,14:31:44
obama,14:31:44
obama,14:31:44
obama,14:31:44
obama,14:31:44
obama,14:31:44
obama,14:31:44
obama,14:31:44
obama,14:31:44
obama,14:31:44
obama,14:31:44
obama,14:31:44
obama,14:31:44
obama,14:31:44
obama,14:31:44
obama,14:31:44
obama,14:31:44
obama,14:31:44
obama,14:31:44
obama,14:31:44
obama,14:31:44
obama,14:31:44
obama,14:31:44
obama,14:31:44
obama,14:31:44
obama,14:31:44
obama,14:31:44
obama,14:31:44
obama,14:31:44
obama,14:31:44
obama,14:31:44
obama,14:31:44
obama,14:31:44
obama,14:31:44
obama,14:31:44
obama,14:31:44
obama,14:31:44
obama,14:31:44
obama,14:31:44
obama,14:31:44
obama,14:31:44
obama,14:31:44
obama,14:31:44
obama,14:31:44
obama,14:31:45
obama,14:31:45
obama,14:31:45
obama,14:31:45
obama,14:31:45
obama,14:31:45
obama,14:31:45
obama,14:31:45
obama,14:31:45
obama,14:31:45
obama,14:31:45
obama,14:31:45
obama,14:32:37
obama,14:32:37
obama,14:32:37
obama,14:32:37
obama,14:32:37
obama,14:32:37
obama,14:32:37
obama,14:32:37
obama,14:32:37
obama,14:32:37
obama,14:32:37
obama,14:32:37
obama,14:32:37
obama,14:32:37
obama,14:32:37
obama,14:32:37
obama,14:32:37
obama,14:32:37
obama,14:32:37
obama,14:32:37
obama,14:32:37
obama,14:32:37
obama,14:32:37
obama,14:32:37
obama,14:32:37
obama,14:32:37
obama,14:32:37
obama,14:32:37
obama,14:32:37
obama,14:32:37
obama,14:32:38
obama,14:32:38
obama,14:32:38
obama,14:32:38
obama,14:32:38
obama,14:32:38
obama,14:32:38
obama,14:32:38
obama,14:32:38
obama,14:32:38
obama,14:32:38
obama,14:32:38
obama,14:32:38
obama,14:32:38
obama,14:32:38
obama,14:32:38
obama,14:32:38
obama,14:32:38
obama,14:32:38
obama,14:32:38
obama,14:32:38
obama,14:32:38
obama,14:32:38
obama,14:32:38
obama,14:32:38
obama,14:32:38
obama,14:32:38
obama,14:32:38
obama,14:32:38
obama,14:32:38
obama,14:32:38
obama,14:32:38
obama,14:32:38
obama,14:32:38
obama,14:32:38
obama,14:32:38
obama,14:32:38
obama,14:32:38
obama,14:32:38
obama,14:32:38
obama,14:32:38
obama,14:32:38
obama,14:32:38
obama,14:32:38
obama,14:32:38
obama,14:32:38
obama,14:32:38
obama,14:32:38
obama,14:32:38
obama,14:32:38
obama,14:32:38
obama,14:32:38
obama,14:32:38
obama,14:32:38
obama,14:32:39
obama,14:32:39
obama,14:32:39
obama,14:32:39
obama,14:32:39
obama,14:32:39
obama,14:32:39
obama,14:32:39
obama,14:32:39
obama,14:32:39
obama,14:32:39
obama,14:32:39
obama,14:32:39
obama,14:32:39
obama,14:32:39
obama,14:32:39
obama,14:32:39
obama,14:32:39
obama,14:32:39
obama,14:32:39
obama,14:32:39
obama,14:32:39
obama,14:32:39
obama,14:32:39
obama,14:32:39
obama,14:32:39
obama,14:32:40
obama,14:32:40
obama,14:32:40
obama,14:32:40
obama,14:32:40
obama,14:32:40
obama,14:32:40
obama,14:32:40
obama,14:32:40
obama,14:32:40
obama,14:32:40
obama,14:32:40
obama,14:32:40
obama,14:32:40
obama,14:32:40
obama,14:32:40
obama,14:32:40
obama,14:32:40
obama,14:32:40
obama,14:32:40
obama,14:32:40
obama,14:32:40
obama,14:32:40
obama,14:32:40
obama,14:32:40
obama,14:32:40
obama,14:32:40
obama,14:32:40
obama,14:32:40
obama,14:32:40
obama,14:32:40
obama,14:32:40
obama,14:32:40
obama,14:32:40
obama,14:32:40
obama,14:32:40
obama,14:32:40
obama,14:32:40
obama,14:32:40
obama,14:32:40
obama,14:32:40
obama,14:32:40
obama,14:32:40
obama,14:32:40
obama,14:32:40
obama,14:32:40
obama,14:32:40
obama,14:32:40
obama,14:32:40
obama,14:32:40
obama,14:32:40
obama,14:32:40
obama,14:32:40
obama,14:32:40
obama,14:32:41
obama,14:32:41
obama,14:32:41
obama,14:32:41
Pawan_Kalyan,14:32:41
Pawan_Kalyan,14:32:41
Pawan_Kalyan,14:32:41
Pawan_Kalyan,14:32:41
Pawan_Kalyan,14:32:41
Pawan_Kalyan,14:32:41
Pawan_Kalyan,14:32:41
Pawan_Kalyan,14:32:41
Pawan_Kalyan,14:32:41
Pawan_Kalyan,14:32:41
Pawan_Kalyan,14:32:41
Pawan_Kalyan,14:32:41
Pawan_Kalyan,14:32:41
Pawan_Kalyan,14:32:41
Pawan_Kalyan,14:32:41
Pawan_Kalyan,14:32:41
Pawan_Kalyan,14:32:41
Pawan_Kalyan,14:32:41
Pawan_Kalyan,14:32:41
Pawan_Kalyan,14:32:41
Pawan_Kalyan,14:32:41
Pawan_Kalyan,14:32:41
Pawan_Kalyan,14:32:41
Pawan_Kalyan,14:32:41
Pawan_Kalyan,14:32:41
Pawan_Kalyan,14:32:41
Pawan_Kalyan,14:32:41
Pawan_Kalyan,14:32:41
Pawan_Kalyan,14:32:41
Pawan_Kalyan,14:32:41
Pawan_Kalyan,14:32:41
Pawan_Kalyan,14:32:41
Pawan_Kalyan,14:32:41
Pawan_Kalyan,14:32:41
Pawan_Kalyan,14:32:41
Pawan_Kalyan,14:32:41
Pawan_Kalyan,14:32:41
Pawan_Kalyan,14:32:41
Pawan_Kalyan,14:32:41
Pawan_Kalyan,14:32:41
Pawan_Kalyan,14:32:41
Pawan_Kalyan,14:32:41
Pawan_Kalyan,14:32:41
Pawan_Kalyan,14:32:41
Pawan_Kalyan,14:32:41
Pawan_Kalyan,14:32:41
Pawan_Kalyan,14:32:41
Pawan_Kalyan,14:32:41
Pawan_Kalyan,14:32:42
Pawan_Kalyan,14:32:42
Pawan_Kalyan,14:32:42
Pawan_Kalyan,14:32:42
Pawan_Kalyan,14:32:42
Pawan_Kalyan,14:32:42
Pawan_Kalyan,14:32:42
Pawan_Kalyan,14:32:42
Pawan_Kalyan,14:32:42
Pawan_Kalyan,14:32:42
Pawan_Kalyan,14:32:42
Pawan_Kalyan,14:32:42
Pawan_Kalyan,14:32:42
Pawan_Kalyan,14:32:42
Pawan_Kalyan,14:32:42
Pawan_Kalyan,14:32:42
Pawan_Kalyan,14:32:42
Pawan_Kalyan,14:32:42
Pawan_Kalyan,14:32:42
Pawan_Kalyan,14:32:42
Pawan_Kalyan,14:32:42
Pawan_Kalyan,14:32:42
Pawan_Kalyan,14:32:42
Pawan_Kalyan,14:32:42
Pawan_Kalyan,14:32:42
Pawan_Kalyan,14:32:42
Pawan_Kalyan,14:32:42
Pawan_Kalyan,14:32:42
Pawan_Kalyan,14:32:42
Pawan_Kalyan,14:32:42
Pawan_Kalyan,14:32:42
Pawan_Kalyan,14:32:42
Pawan_Kalyan,14:32:42
Pawan_Kalyan,14:32:42
Pawan_Kalyan,14:32:42
Pawan_Kalyan,14:32:42
Pawan_Kalyan,14:32:42
Pawan_Kalyan,14:32:42
Pawan_Kalyan,14:32:42
Pawan_Kalyan,14:32:42
Pawan_Kalyan,14:32:42
Pawan_Kalyan,14:32:42
Pawan_Kalyan,14:32:42
Pawan_Kalyan,14:32:42
Pawan_Kalyan,14:32:42
Pawan_Kalyan,14:32:42
Pawan_Kalyan,14:32:42
Pawan_Kalyan,14:32:42
Pawan_Kalyan,14:32:42
Pawan_Kalyan,14:32:42
Pawan_Kalyan,14:32:42
Pawan_Kalyan,14:32:42
Pawan_Kalyan,14:32:43
Pawan_Kalyan,14:32:43
Pawan_Kalyan,14:32:43
Pawan_Kalyan,14:32:43
Pawan_Kalyan,14:32:43
Pawan_Kalyan,14:32:43
Pawan_Kalyan,14:32:43
Pawan_Kalyan,14:32:43
Pawan_Kalyan,14:32:43
Pawan_Kalyan,14:32:43
Pawan_Kalyan,14:32:43
Pawan_Kalyan,14:32:43
Pawan_Kalyan,14:32:43
Pawan_Kalyan,14:32:43
Pawan_Kalyan,14:32:43
Pawan_Kalyan,14:32:43
Pawan_Kalyan,14:32:43
Pawan_Kalyan,14:32:43
Pawan_Kalyan,14:32:43
Pawan_Kalyan,14:32:43
Pawan_Kalyan,14:32:43
Pawan_Kalyan,14:32:43
Pawan_Kalyan,14:32:43
Pawan_Kalyan,14:32:43
Pawan_Kalyan,14:32:43
Pawan_Kalyan,14:32:43
Pawan_Kalyan,14:32:43
Pawan_Kalyan,14:32:43
Pawan_Kalyan,14:32:43
Pawan_Kalyan,14:32:43
Pawan_Kalyan,14:32:43
Pawan_Kalyan,14:32:43
Pawan_Kalyan,14:32:43
Pawan_Kalyan,14:32:43
Pawan_Kalyan,14:32:43
Pawan_Kalyan,14:32:43
Pawan_Kalyan,14:32:43
Pawan_Kalyan,14:32:43
Pawan_Kalyan,14:32:43
Pawan_Kalyan,14:32:43
Pawan_Kalyan,14:32:43
Pawan_Kalyan,14:32:43
Pawan_Kalyan,14:32:43
Pawan_Kalyan,14:32:43
Pawan_Kalyan,14:32:43
Pawan_Kalyan,14:32:43
Pawan_Kalyan,14:32:43
Pawan_Kalyan,14:32:43
Pawan_Kalyan,14:32:43
Pawan_Kalyan,14:32:43
Pawan_Kalyan,14:32:43
Pawan_Kalyan,14:32:43
Pawan_Kalyan,14:32:44
Pawan_Kalyan,14:32:44
Pawan_Kalyan,14:32:44
Pawan_Kalyan,14:32:44
Pawan_Kalyan,14:32:44
Pawan_Kalyan,14:32:44
Pawan_Kalyan,14:32:44
Pawan_Kalyan,14:32:44
Pawan_Kalyan,14:32:44
Pawan_Kalyan,14:32:44
Pawan_Kalyan,14:32:44
Pawan_Kalyan,14:32:44
Pawan_Kalyan,14:32:44
Pawan_Kalyan,14:32:44
Pawan_Kalyan,14:32:44
Pawan_Kalyan,14:32:44
Pawan_Kalyan,14:32:44
Pawan_Kalyan,14:32:44
Pawan_Kalyan,14:32:44
Pawan_Kalyan,14:32:44
Pawan_Kalyan,14:32:44
Pawan_Kalyan,14:32:44
Pawan_Kalyan,14:32:44
Pawan_Kalyan,14:32:44
Pawan_Kalyan,14:32:44
Pawan_Kalyan,14:32:44
Pawan_Kalyan,14:32:44
Pawan_Kalyan,14:32:44
Pawan_Kalyan,14:32:44
Pawan_Kalyan,14:32:44
Pawan_Kalyan,14:32:44
Pawan_Kalyan,14:32:44
Pawan_Kalyan,14:32:44
Pawan_Kalyan,14:32:44
Pawan_Kalyan,14:32:44
Pawan_Kalyan,14:32:44
Pawan_Kalyan,14:32:44
Pawan_Kalyan,14:32:44
Pawan_Kalyan,14:32:44
Pawan_Kalyan,14:32:44
Pawan_Kalyan,14:32:44
Pawan_Kalyan,14:32:44
Pawan_Kalyan,14:32:44
Pawan_Kalyan,14:32:44
Pawan_Kalyan,14:32:44
Pawan_Kalyan,14:32:44
Pawan_Kalyan,14:32:44
Pawan_Kalyan,14:32:44
Pawan_Kalyan,14:32:44
Pawan_Kalyan,14:32:44
Pawan_Kalyan,14:32:44
Pawan_Kalyan,14:32:44
Pawan_Kalyan,14:32:44
Pawan_Kalyan,14:32:44
Pawan_Kalyan,14:32:44
Pawan_Kalyan,14:32:44
Pawan_Kalyan,14:32:45
Pawan_Kalyan,14:32:45
Pawan_Kalyan,14:32:45
Pawan_Kalyan,14:32:45
Pawan_Kalyan,14:32:45
Pawan_Kalyan,14:32:45
Pawan_Kalyan,14:32:45
Pawan_Kalyan,14:32:45
Pawan_Kalyan,14:32:45
Pawan_Kalyan,14:32:45
Pawan_Kalyan,14:32:45
Pawan_Kalyan,14:32:45
Pawan_Kalyan,14:32:45
Pawan_Kalyan,14:32:45
Pawan_Kalyan,14:32:45
Pawan_Kalyan,14:32:45
Pawan_Kalyan,14:32:45
Pawan_Kalyan,14:32:45
Pawan_Kalyan,14:32:45
Pawan_Kalyan,14:32:45
Pawan_Kalyan,14:32:45
Pawan_Kalyan,14:32:45
Pawan_Kalyan,14:32:45
Pawan_Kalyan,14:32:45
Pawan_Kalyan,14:32:45
Pawan_Kalyan,14:32:45
Pawan_Kalyan,14:32:45
Pawan_Kalyan,14:32:45
Pawan_Kalyan,14:32:45
Pawan_Kalyan,14:32:45
Pawan_Kalyan,14:32:45
Pawan_Kalyan,14:32:45
Pawan_Kalyan,14:32:45
Pawan_Kalyan,14:32:45
Pawan_Kalyan,14:32:45
Pawan_Kalyan,14:32:45